Titolo,Tipo,Serie / Universo,Numero,Editore,Edizione,Formato,Lingua,ISBN,Prezzo,Data acquisto,Stato lettura,Voto,Commento,Note edizione,Sceneggiatura,Disegni,Provenienza
Slam Dunk,Manga,Slam Dunk / Angolo Giappone,1,Planet Manga,Deluxe,Tankobon,Italiano,,"12,90",2023-02-14,Letto,8,il miglior manga sportivo che ho letto,"carta ottima, sovraccoperta opaca",Takehiko Inoue,Takehiko Inoue,
Slam Dunk,Manga,Slam Dunk / Angolo Giappone,2,Planet Manga,Deluxe,Tankobon,Italiano,,"12,90",2023-03-14,Letto,8,,,Takehiko Inoue,Takehiko Inoue,
Slam Dunk,Manga,Slam Dunk / Angolo Giappone,3,Planet Manga,Deluxe,Tankobon,Italiano,,"12,90",2023-04-14,Letto,8,,,Takehiko Inoue,Takehiko Inoue,
Slam Dunk,Manga,Slam Dunk / Angolo Giappone,4,Planet Manga,Deluxe,Tankobon,Italiano,,"12,90",2023-05-14,Letto,8,,,Takehiko Inoue,Takehiko Inoue,
Slam Dunk,Manga,Slam Dunk / Angolo Giappone,5,Planet Manga,Deluxe,Tankobon,Italiano,,"12,90",2023-06-14,Letto,8,,,Takehiko Inoue,Takehiko Inoue,
Slam Dunk,Manga,Slam Dunk / Angolo Giappone,6,Planet Manga,Deluxe,Tankobon,Italiano,,"12,90",2023-07-14,Letto,8,,,Takehiko Inoue,Takehiko Inoue,
Slam Dunk,Manga,Slam Dunk / Angolo Giappone,7,Planet Manga,Deluxe,Tankobon,Italiano,,"12,90",2023-08-14,Letto,8,,,Takehiko Inoue,Takehiko Inoue,
Slam Dunk,Manga,Slam Dunk / Angolo Giappone,8,Planet Manga,Deluxe,Tankobon,Italiano,,"12,90",2023-09-14,Letto,8,,,Takehiko Inoue,Takehiko Inoue,
Slam Dunk,Manga,Slam Dunk / Angolo Giappone,9,Planet Manga,Deluxe,Tankobon,Italiano,,"12,90",2023-10-14,Letto,8,,,Takehiko Inoue,Takehiko Inoue,
Slam Dunk,Manga,Slam Dunk / Angolo Giappone,10,Planet Manga,Deluxe,Tankobon,Italiano,,"12,90",2023-11-14,Letto,8,,,Takehiko Inoue,Takehiko Inoue,
Slam Dunk,Manga,Slam Dunk / Angolo Giappone,11,Planet Manga,Deluxe,Tankobon,Italiano,,"12,90",2023-12-14,Letto,8,,,Takehiko Inoue,Takehiko Inoue,
Slam Dunk,Manga,Slam Dunk / Angolo Giappone,12,Planet Manga,Deluxe,Tankobon,Italiano,,"12,90",2023-01-14,Letto,8,,,Takehiko Inoue,Takehiko Inoue,
Slam Dunk,Manga,Slam Dunk / Angolo Giappone,13,Planet Manga,Deluxe,Tankobon,Italiano,,"12,90",2023-02-14,Letto,8,,,Takehiko Inoue,Takehiko Inoue,
Slam Dunk,Manga,Slam Dunk / Angolo Giappone,14,Planet Manga,Deluxe,Tankobon,Italiano,,"12,90",2023-03-14,Letto,8,,,Takehiko Inoue,Takehiko Inoue,
Slam Dunk,Manga,Slam Dunk / Angolo Giappone,15,Planet Manga,Deluxe,Tankobon,Italiano,,"12,90",2023-04-14,Letto,8,,,Takehiko Inoue,Takehiko Inoue,
Slam Dunk,Manga,Slam Dunk / Angolo Giappone,16,Planet Manga,Deluxe,Tankobon,Italiano,,"12,90",2023-05-14,Letto,8,,,Takehiko Inoue,Takehiko Inoue,
Slam Dunk,Manga,Slam Dunk / Angolo Giappone,17,Planet Manga,Deluxe,Tankobon,Italiano,,"12,90",2023-06-14,Letto,8,,,Takehiko Inoue,Takehiko Inoue,
Slam Dunk,Manga,Slam Dunk / Angolo Giappone,18,Planet Manga,Deluxe,Tankobon,Italiano,,"12,90",2023-07-14,Letto,8,,,Takehiko Inoue,Takehiko Inoue,
Slam Dunk,Manga,Slam Dunk / Angolo Giappone,19,Planet Manga,Deluxe,Tankobon,Italiano,,"12,90",2023-08-14,Letto,8,,,Takehiko Inoue,Takehiko Inoue,
Slam Dunk,Manga,Slam Dunk / Angolo Giappone,20,Planet Manga,Deluxe,Tankobon,Italiano,,"12,90",2023-09-14,Letto,8,,,Takehiko Inoue,Takehiko Inoue,
Naruto,Manga,Naruto,1,Planet Manga,,Tankobon,Italiano,,"4,50",2019-06-02,Letto,7,,,Masashi Kishimoto,Masashi Kishimoto,
Naruto,Manga,Naruto,2,Planet Manga,,Tankobon,Italiano,,"4,50",2019-06-02,Letto,,,,Masashi Kishimoto,Masashi Kishimoto,
Naruto,Manga,Naruto,3,Planet Manga,,Tankobon,Italiano,,"4,50",2019-06-02,Letto,,,,Masashi Kishimoto,Masashi Kishimoto,
Naruto,Manga,Naruto,4,Planet Manga,,Tankobon,Italiano,,"4,50",2019-06-02,Letto,,,,Masashi Kishimoto,Masashi Kishimoto,
Naruto,Manga,Naruto,5,Planet Manga,,Tankobon,Italiano,,"4,50",2019-06-02,Letto,,,,Masashi Kishimoto,Masashi Kishimoto,
Naruto,Manga,Naruto,6,Planet Manga,,Tankobon,Italiano,,"4,50",2019-06-02,Letto,,,,Masashi Kishimoto,Masashi Kishimoto,
Naruto,Manga,Naruto,7,Planet Manga,,Tankobon,Italiano,,"4,50",2019-06-02,Letto,,,,Masashi Kishimoto,Masashi Kishimoto,
Naruto,Manga,Naruto,8,Planet Manga,,Tankobon,Italiano,,"4,50",2019-06-02,Letto,,,,Masashi Kishimoto,Masashi Kishimoto,
Naruto,Manga,Naruto,9,Planet Manga,,Tankobon,Italiano,,"4,50",2019-06-02,Letto,,,,Masashi Kishimoto,Masashi Kishimoto,
Naruto,Manga,Naruto,10,Planet Manga,,Tankobon,Italiano,,"4,50",2019-06-02,Letto,,,,Masashi Kishimoto,Masashi Kishimoto,
Naruto,Manga,Naruto,11,Planet Manga,,Tankobon,Italiano,,"4,50",2019-06-02,Letto,,,,Masashi Kishimoto,Masashi Kishimoto,
Naruto,Manga,Naruto,12,Planet Manga,,Tankobon,Italiano,,"4,50",2019-06-02,Letto,,,,Masashi Kishimoto,Masashi Kishimoto,
Naruto,Manga,Naruto,13,Planet Manga,,Tankobon,Italiano,,"4,50",2019-06-02,Letto,,,,Masashi Kishimoto,Masashi Kishimoto,
Naruto,Manga,Naruto,14,Planet Manga,,Tankobon,Italiano,,"4,50",2019-06-02,Letto,,,,Masashi Kishimoto,Masashi Kishimoto,
Naruto,Manga,Naruto,15,Planet Manga,,Tankobon,Italiano,,"4,50",2019-06-02,Da leggere,,,,Masashi Kishimoto,Masashi Kishimoto,
Naruto,Manga,Naruto,16,Planet Manga,,Tankobon,Italiano,,"4,50",2019-06-02,Da leggere,,,,Masashi Kishimoto,Masashi Kishimoto,
Naruto,Manga,Naruto,17,Planet Manga,,Tankobon,Italiano,,"4,50",2019-06-02,Da leggere,,,,Masashi Kishimoto,Masashi Kishimoto,
Naruto,Manga,Naruto,18,Planet Manga,,Tankobon,Italiano,,"4,50",2019-06-02,Da leggere,,,,Masashi Kishimoto,Masashi Kishimoto,
Naruto,Manga,Naruto,19,Planet Manga,,Tankobon,Italiano,,"4,50",2019-06-02,Da leggere,,,,Masashi Kishimoto,Masashi Kishimoto,
Naruto,Manga,Naruto,20,Planet Manga,,Tankobon,Italiano,,"4,50",2019-06-02,Da leggere,,,,Masashi Kishimoto,Masashi Kishimoto,
Death Note,Manga,Death Note,1,Panini Comics,Black Edition,Tankobon,Italiano,,"14,00",2022-03-11,Letto,9,,,Tsugumi Ohba,Takeshi Obata,
Death Note,Manga,Death Note,2,Panini Comics,Black Edition,Tankobon,Italiano,,"14,00",2022-03-11,Letto,,,,Tsugumi Ohba,Takeshi Obata,
Fullmetal Alchemist,Manga,Fullmetal Alchemist,1,Planet Manga,Ultimate Deluxe Edition,Deluxe,Italiano,,"19,90",2024-01-20,Letto,"9,5",,"volume enorme, apertura rigida",Hiromu Arakawa,Hiromu Arakawa,
Fullmetal Alchemist,Manga,Fullmetal Alchemist,2,Planet Manga,Ultimate Deluxe Edition,Deluxe,Italiano,,"19,90",2024-01-20,Letto,,,,Hiromu Arakawa,Hiromu Arakawa,
Fullmetal Alchemist,Manga,Fullmetal Alchemist,3,Planet Manga,Ultimate Deluxe Edition,Deluxe,Italiano,,"19,90",2024-01-20,Letto,,,,Hiromu Arakawa,Hiromu Arakawa,
Fullmetal Alchemist,Manga,Fullmetal Alchemist,4,Planet Manga,Ultimate Deluxe Edition,Deluxe,Italiano,,"19,90",2024-01-20,Letto,,,,Hiromu Arakawa,Hiromu Arakawa,
Fullmetal Alchemist,Manga,Fullmetal Alchemist,5,Planet Manga,Ultimate Deluxe Edition,Deluxe,Italiano,,"19,90",2024-01-20,Letto,,,,Hiromu Arakawa,Hiromu Arakawa,
Fullmetal Alchemist,Manga,Fullmetal Alchemist,6,Planet Manga,Ultimate Deluxe Edition,Deluxe,Italiano,,"19,90",2024-01-20,Letto,,,,Hiromu Arakawa,Hiromu Arakawa,
Fullmetal Alchemist,Manga,Fullmetal Alchemist,7,Planet Manga,Ultimate Deluxe Edition,Deluxe,Italiano,,"19,90",2024-01-20,Da leggere,,,,Hiromu Arakawa,Hiromu Arakawa,
Fullmetal Alchemist,Manga,Fullmetal Alchemist,8,Planet Manga,Ultimate Deluxe Edition,Deluxe,Italiano,,"19,90",2024-01-20,Da leggere,,,,Hiromu Arakawa,Hiromu Arakawa,
Fullmetal Alchemist,Manga,Fullmetal Alchemist,9,Planet Manga,Ultimate Deluxe Edition,Deluxe,Italiano,,"19,90",2024-01-20,Da leggere,,,,Hiromu Arakawa,Hiromu Arakawa,
Fullmetal Alchemist,Manga,Fullmetal Alchemist,10,Planet Manga,Ultimate Deluxe Edition,Deluxe,Italiano,,"19,90",2024-01-20,Da leggere,,,,Hiromu Arakawa,Hiromu Arakawa,
Fullmetal Alchemist,Manga,Fullmetal Alchemist,11,Planet Manga,Ultimate Deluxe Edition,Deluxe,Italiano,,"19,90",2024-01-20,Da leggere,,,,Hiromu Arakawa,Hiromu Arakawa,
Fullmetal Alchemist,Manga,Fullmetal Alchemist,12,Planet Manga,Ultimate Deluxe Edition,Deluxe,Italiano,,"19,90",2024-01-20,Da leggere,,,,Hiromu Arakawa,Hiromu Arakawa,
Fullmetal Alchemist,Manga,Fullmetal Alchemist,13,Planet Manga,Ultimate Deluxe Edition,Deluxe,Italiano,,"19,90",2024-01-20,Da leggere,,,,Hiromu Arakawa,Hiromu Arakawa,
Fullmetal Alchemist,Manga,Fullmetal Alchemist,14,Planet Manga,Ultimate Deluxe Edition,Deluxe,Italiano,,"19,90",2024-01-20,Da leggere,,,,Hiromu Arakawa,Hiromu Arakawa,
Fullmetal Alchemist,Manga,Fullmetal Alchemist,15,Planet Manga,Ultimate Deluxe Edition,Deluxe,Italiano,,"19,90",2024-01-20,Da leggere,,,,Hiromu Arakawa,Hiromu Arakawa,
Fullmetal Alchemist,Manga,Fullmetal Alchemist,16,Planet Manga,Ultimate Deluxe Edition,Deluxe,Italiano,,"19,90",2024-01-20,Da leggere,,,,Hiromu Arakawa,Hiromu Arakawa,
Fullmetal Alchemist,Manga,Fullmetal Alchemist,17,Planet Manga,Ultimate Deluxe Edition,Deluxe,Italiano,,"19,90",2024-01-20,Da leggere,,,,Hiromu Arakawa,Hiromu Arakawa,
Fullmetal Alchemist,Manga,Fullmetal Alchemist,18,Planet Manga,Ultimate Deluxe Edition,Deluxe,Italiano,,"19,90",2024-01-20,Da leggere,,,,Hiromu Arakawa,Hiromu Arakawa,
Batman: Anno Uno,Comic,Batman / Universo DC / Recupero Batman,1,Panini DC Italia,Must Have,Must Have,Italiano,,"14,90",2025-02-08,Letto,9,il punto d'ingresso che consiglio a tutti,,Frank Miller,David Mazzucchelli,
Batman: Il lungo Halloween,Comic,Batman / Universo DC / Recupero Batman,2,Panini DC Italia,Must Have,Must Have,Italiano,,"14,90",2025-03-08,Letto,"9,5",,"il Must Have vale il prezzo, la carta no",Jeph Loeb,Tim Sale,
Batman: Silenzio,Comic,Batman / Universo DC / Recupero Batman,3,Panini DC Italia,Must Have,Must Have,Italiano,,"14,90",2025-04-08,Letto,8,,,Jeph Loeb,Jim Lee,
Batman: Terra Uno,Comic,Batman / Universo DC / Recupero Batman,4,Panini DC Italia,Must Have,Must Have,Italiano,,"14,90",2025-05-08,Letto,"7,5",,,Geoff Johns,Gary Frank,
Batman: Venom,Comic,Batman / Universo DC / Recupero Batman,5,Panini DC Italia,Must Have,Must Have,Italiano,,"14,90",2025-06-08,Letto,7,,,Denny O'Neil,Trevor Von Eeden,
Batman: Cavaliere Bianco,Comic,Batman / Universo DC / Recupero Batman,6,Panini DC Italia,Must Have,Must Have,Italiano,,"14,90",2025-07-08,Letto,"8,5",,,Sean Murphy,Sean Murphy,
Batman: Un lutto in famiglia,Comic,Batman / Universo DC / Recupero Batman,7,Panini DC Italia,Must Have,Must Have,Italiano,,"14,90",2025-08-08,Letto,"6,5",,,Jim Starlin,Jim Aparo,
Batman: The Killing Joke,Comic,Batman / Universo DC / Recupero Batman,8,Panini DC Italia,Must Have,Must Have,Italiano,,"14,90",2025-09-08,Da leggere,,,,Alan Moore,Brian Bolland,
Batman: Amore folle,Comic,Batman / Universo DC / Recupero Batman,9,Panini DC Italia,Must Have,Must Have,Italiano,,"14,90",2025-01-08,Da leggere,,,,Paul Dini,Bruce Timm,
Batman: Il ritorno del Cavaliere Oscuro,Comic,Batman / Universo DC / Recupero Batman,10,Panini DC Italia,Must Have,Must Have,Italiano,,"14,90",2025-02-08,Da leggere,,,,Frank Miller,Frank Miller,
Batman: Ego,Comic,Batman / Universo DC / Recupero Batman,11,Panini DC Italia,Must Have,Must Have,Italiano,,"14,90",2025-03-08,Da leggere,,,,Darwyn Cooke,Darwyn Cooke,
Batman: Gothic,Comic,Batman / Universo DC / Recupero Batman,12,Panini DC Italia,Must Have,Must Have,Italiano,,"14,90",2025-04-08,Da leggere,,,,Grant Morrison,Klaus Janson,
One-Punch Man,Manga,One-Punch Man / Angolo Giappone,1,Planet Manga,,Tankobon,Italiano,,"4,90",2021-11-05,Letto,8,,,ONE,Yusuke Murata,
One-Punch Man,Manga,One-Punch Man / Angolo Giappone,2,Planet Manga,,Tankobon,Italiano,,"4,90",2021-11-05,Letto,,,,ONE,Yusuke Murata,
One-Punch Man,Manga,One-Punch Man / Angolo Giappone,3,Planet Manga,,Tankobon,Italiano,,"4,90",2021-11-05,Letto,,,,ONE,Yusuke Murata,
One-Punch Man,Manga,One-Punch Man / Angolo Giappone,4,Planet Manga,,Tankobon,Italiano,,"4,90",2021-11-05,Letto,,,,ONE,Yusuke Murata,
One-Punch Man,Manga,One-Punch Man / Angolo Giappone,5,Planet Manga,,Tankobon,Italiano,,"4,90",2021-11-05,Letto,,,,ONE,Yusuke Murata,
One-Punch Man,Manga,One-Punch Man / Angolo Giappone,6,Planet Manga,,Tankobon,Italiano,,"4,90",2021-11-05,In lettura,,,,ONE,Yusuke Murata,
One-Punch Man,Manga,One-Punch Man / Angolo Giappone,7,Planet Manga,,Tankobon,Italiano,,"4,90",2021-11-05,In lettura,,,,ONE,Yusuke Murata,
One-Punch Man,Manga,One-Punch Man / Angolo Giappone,8,Planet Manga,,Tankobon,Italiano,,"4,90",2021-11-05,In lettura,,,,ONE,Yusuke Murata,
Berserk,Manga,Berserk,1,Panini Comics,Maximum,Deluxe,Italiano,,"23,00",2025-02-18,Letto,10,,"Maximum: tre tankobon in uno, dorso che tiene",Kentaro Miura,Kentaro Miura,
Berserk,Manga,Berserk,2,Panini Comics,Maximum,Deluxe,Italiano,,"23,00",2025-02-18,Letto,,,,Kentaro Miura,Kentaro Miura,
Berserk,Manga,Berserk,3,Panini Comics,Maximum,Deluxe,Italiano,,"23,00",2025-02-18,Da leggere,,,,Kentaro Miura,Kentaro Miura,
Berserk,Manga,Berserk,4,Panini Comics,Maximum,Deluxe,Italiano,,"23,00",2025-02-18,Da leggere,,,,Kentaro Miura,Kentaro Miura,
L'uomo che ride,Graphic Novel,L'uomo che ride / Universo DC,1,Panini DC Italia,Deluxe,Deluxe,Italiano,,"25,00",2024-09-30,Letto,"8,5","tre storie in un volume, e il voto qui e' uno solo","ottima edizione, ma il volume tiene tre storie diverse",Ed Brubaker,Doug Mahnke,
La storia della mia vita - Spider-Man,Comic,Spider-Man / Universo Marvel / La storia della mia vita,1,Panini Marvel Italia,Omnibus,Omnibus,Italiano,,"75,00",2025-04-12,Letto,9,,,Stan Lee,Steve Ditko,
La storia della mia vita - Spider-Man,Comic,Spider-Man / Universo Marvel / La storia della mia vita,2,Panini Marvel Italia,Omnibus,Omnibus,Italiano,,#ERROR!,2025-04-12,Da leggere,,,,Stan Lee,Steve Ditko,
La storia della mia vita - Spider-Man,Comic,Spider-Man / Universo Marvel / La storia della mia vita,3,Panini Marvel Italia,Omnibus,Omnibus,Italiano,,"75,00",2025-04-12,Da leggere,,,,Stan Lee,Steve Ditko,
Watchmen,Graphic Novel,Universo DC,,Panini DC Italia,Absolute,Cartonato,Italiano,,"19,90",2020-12-24,Letto,10,,,Alan Moore,Dave Gibbons,
V for Vendetta,Graphic Novel,,,Panini DC Italia,,Cartonato,Italiano,,"19,90",2020-12-24,Letto,9,,,Alan Moore,David Lloyd,
Maus,Graphic Novel,,,Einaudi,,Brossura,Italiano,,"19,90",2020-12-24,Letto,10,,,Art Spiegelman,Art Spiegelman,
Persepolis,Graphic Novel,,,Rizzoli Lizard,,Brossura,Italiano,,"19,90",2020-12-24,Letto,8,,,Marjane Satrapi,Marjane Satrapi,
Sandman,Comic,Vertigo / Universo DC,,Panini DC Italia,Library,Cartonato,Italiano,,"19,90",2020-12-24,Letto,#ERROR!,,,Neil Gaiman,Sam Kieth,
Blankets,Graphic Novel,,,Rizzoli Lizard,,Brossura,Italiano,,"19,90",2020-12-24,Da leggere,,,,Craig Thompson,Craig Thompson,
Asterios Polyp,Graphic Novel,,,Coconino Press,,Cartonato,Italiano,,"19,90",2020-12-24,Letto,#ERROR!,,,David Mazzucchelli,David Mazzucchelli,
Hellboy,Comic,,,Magic Press,Library,Cartonato,Italiano,,"19,90",2020-12-24,Letto,"7,5",,,Mike Mignola,Mike Mignola,
Saga,Comic,,,BAO Publishing,,Brossura,Italiano,,"19,90",2020-12-24,In lettura,8,,,Brian K. Vaughan,Fiona Staples,
Monster,Manga,Angolo Giappone,,Planet Manga,Ultimate,Tankobon,Italiano,,"19,90",2020-12-24,Letto,"9,5",,,Naoki Urasawa,Naoki Urasawa,
